-- MySQL dump 10.13  Distrib 5.7.32, for Win64 (x86_64)
--
-- Host: localhost    Database: classroom
-- ------------------------------------------------------
-- Server version	5.7.32-log

/*!40101 SET @OLD_CHARACTER_SET_CLIENT=@@CHARACTER_SET_CLIENT */;
/*!40101 SET @OLD_CHARACTER_SET_RESULTS=@@CHARACTER_SET_RESULTS */;
/*!40101 SET @OLD_COLLATION_CONNECTION=@@COLLATION_CONNECTION */;
/*!40101 SET NAMES utf8 */;
/*!40103 SET @OLD_TIME_ZONE=@@TIME_ZONE */;
/*!40103 SET TIME_ZONE='+00:00' */;
/*!40014 SET @OLD_UNIQUE_CHECKS=@@UNIQUE_CHECKS, UNIQUE_CHECKS=0 */;
/*!40014 SET @OLD_FOREIGN_KEY_CHECKS=@@FOREIGN_KEY_CHECKS, FOREIGN_KEY_CHECKS=0 */;
/*!40101 SET @OLD_SQL_MODE=@@SQL_MODE, SQL_MODE='NO_AUTO_VALUE_ON_ZERO' */;
/*!40111 SET @OLD_SQL_NOTES=@@SQL_NOTES, SQL_NOTES=0 */;

--
-- Table structure for table `building`
--

DROP TABLE IF EXISTS `building`;
/*!40101 SET @saved_cs_client     = @@character_set_client */;
/*!40101 SET character_set_client = utf8 */;
CREATE TABLE `building` (
  `id` int(11) NOT NULL AUTO_INCREMENT COMMENT 'id',
  `full_name` varchar(50) NOT NULL COMMENT 'fullName',
  `alias_name` varchar(50) NOT NULL COMMENT 'aliasName',
  `department` varchar(50) NOT NULL COMMENT 'department',
  PRIMARY KEY (`id`)
) ENGINE=InnoDB AUTO_INCREMENT=17 DEFAULT CHARSET=utf8mb4 COMMENT='building';
/*!40101 SET character_set_client = @saved_cs_client */;

--
-- Dumping data for table `building`
--

LOCK TABLES `building` WRITE;
/*!40000 ALTER TABLE `building` DISABLE KEYS */;
INSERT INTO `building` VALUES (1,'博学楼','1号楼','教学主楼'),(2,'明德楼','2号楼','教学主楼'),(3,'博观楼','3号楼','土木，化工'),(4,'明信楼','4号楼','管理，机械'),(5,'博识楼','5号楼','软件，经法，外语'),(6,'明贤楼','6号楼','材冶，理学'),(7,'博采楼','7号楼','矿业'),(8,'博爱楼','9号楼','后勤，矿业'),(9,'博闻楼','11号楼','电信'),(10,'博艺楼','13号楼','艺术'),(11,'明睿楼','14号楼','研究生院'),(12,'明远楼','22号楼','高镁'),(13,'明礼楼','26号楼','东体育场东侧教学楼'),(14,'博智楼','27号楼','新世纪学校'),(15,'博远楼','29号楼','国际教育学校');
/*!40000 ALTER TABLE `building` ENABLE KEYS */;
UNLOCK TABLES;

--
-- Table structure for table `classroom`
--

DROP TABLE IF EXISTS `classroom`;
/*!40101 SET @saved_cs_client     = @@character_set_client */;
/*!40101 SET character_set_client = utf8 */;
CREATE TABLE `classroom` (
  `id` int(11) NOT NULL AUTO_INCREMENT COMMENT 'id',
  `name` varchar(50) NOT NULL COMMENT 'name',
  `capacity` int(11) NOT NULL DEFAULT '50' COMMENT 'capacity',
  `building_id` int(11) NOT NULL COMMENT 'buildingId',
  `status` tinyint(3) DEFAULT '0' COMMENT 'status',
  PRIMARY KEY (`id`)
) ENGINE=InnoDB AUTO_INCREMENT=2032 DEFAULT CHARSET=utf8mb4 COMMENT='classroom';
/*!40101 SET character_set_client = @saved_cs_client */;

--
-- Dumping data for table `classroom`
--

LOCK TABLES `classroom` WRITE;
/*!40000 ALTER TABLE `classroom` DISABLE KEYS */;
INSERT INTO `classroom` VALUES (1,'A101',200,1,1),(2,'A102',40,1,1),(3,'A103',50,1,0),(4,'A104',40,1,1),(5,'A105',40,1,1),(6,'A106',40,1,0),(7,'A107',40,1,0),(8,'A108',40,1,1),(9,'C211',40,2,1),(10,'C212',40,2,0),(11,'C213',40,2,1),(12,'C214',40,2,0),(13,'B421',50,5,0),(14,'B523',60,5,1),(15,'B622',120,5,1),(16,'B429',120,5,1),(17,'B529',120,5,0),(18,'B336',70,5,0),(21,'B101',300,1,0),(22,'B102',120,1,1),(23,'B103',50,1,1),(24,'B104',50,1,1),(25,'B105',50,1,1),(26,'B106',50,1,1),(27,'B107',50,1,0),(28,'B108',50,1,1),(29,'B109',50,1,1),(30,'B110',50,1,0),(31,'B111',50,1,0),(1032,'Jemma',50,8,1),(1033,'Olivia',50,12,1),(1034,'Janey',50,13,1),(1035,'Hank',50,6,1),(1036,'Matilda',50,13,0),(1037,'Joel',50,10,0),(1038,'Bella',50,5,1),(1039,'Georgiana',50,13,0),(1040,'Shawn',50,1,1),(1041,'Alma',50,7,0),(1042,'Marcia',50,10,1),(1043,'Irene',50,11,1),(1044,'Jemma',50,3,0),(1045,'Jane',50,4,0),(1046,'Joel',50,8,0),(1047,'Georgia',50,1,0),(1048,'Zadoc',50,11,1),(1049,'Adelaide',50,3,1),(1050,'Selma',50,8,1),(1051,'Marie',50,12,1),(1052,'Lena',50,9,0),(1053,'Larry',50,10,0),(1054,'Esty',50,1,1),(1055,'Bud',50,8,1),(1056,'Oscar',50,14,1),(1057,'Lillian',50,12,1),(1058,'Eliza',50,8,1),(1059,'Henry',50,14,0),(1060,'Austin',50,9,0),(1061,'Matilda',50,1,1),(1062,'Carole',50,6,1),(1063,'Antonia',50,14,1),(1064,'Whitney',50,8,0),(1065,'Tara',50,5,0),(1066,'Clare',50,13,0),(1067,'Paul',50,11,1),(1068,'Arda',50,14,1),(1069,'Teresa',50,13,1),(1070,'Heidi',50,5,1),(1071,'Amelia',50,9,1),(1072,'Marshall',50,11,1),(1073,'Fleur',50,5,1),(1074,'Maude',50,10,0),(1075,'Charity',50,10,1),(1076,'Jemima',50,12,0),(1077,'Hank',50,9,1),(1078,'Maria',50,3,1),(1079,'Georgiana',50,15,1),(1080,'Ernest',50,12,0),(1081,'Larry',50,3,1),(1082,'Delbert',50,10,0),(1083,'Kierra',50,5,0),(1084,'Erika',50,10,1),(1085,'Joanna',50,1,0),(1086,'Jeff',50,15,0),(1087,'Marcia',50,12,1),(1088,'Addison',50,13,0),(1089,'Reuben',50,5,1),(1090,'Clint',50,10,0),(1091,'Whitney',50,14,1),(1092,'Hester',50,6,0),(1093,'Geoffrey',50,7,0),(1094,'Barnabe',50,12,0),(1095,'Myrtle',50,9,0),(1096,'Claude',50,3,0),(1097,'Swaine',50,13,1),(1098,'Helene',50,9,1),(1099,'Travis',50,13,0),(1100,'Rosemary',50,9,0),(1101,'Winston',50,7,0),(1102,'Darlene',50,12,1),(1103,'Humphrey',50,9,0),(1104,'Rich',50,3,1),(1105,'Helena',50,11,0),(1106,'Marian',50,15,0),(1107,'Lysette',50,10,1),(1108,'John',50,14,0),(1109,'Ronald',50,13,0),(1110,'Wilfred',50,9,0),(1111,'Hodierna',50,3,1),(1112,'Lindsay',50,3,1),(1113,'Jess',50,6,1),(1114,'Hedworth',50,1,1),(1115,'Lindsay',50,4,1),(1116,'Thurza',50,12,0),(1117,'Charmaine',50,12,0),(1118,'Leonora',50,2,0),(1119,'Talitha',50,8,0),(1120,'Corrie',50,1,1),(1121,'Cindy',50,6,0),(1122,'Donna',50,14,1),(1123,'Adele',50,10,0),(1124,'Alvin',50,13,0),(1125,'Alvina',50,5,1),(1126,'Bronwyn',50,10,0),(1127,'Vincent',50,8,1),(1128,'Paula',50,7,0),(1129,'Austen',50,2,0),(1130,'Hilda',50,5,1),(1131,'Christian',50,1,1),(1132,'Crystal',50,12,0),(1133,'Sheryl',50,9,0),(1134,'Lindsay',50,9,0),(1135,'Keith',50,15,0),(1136,'Carolyn',50,6,1),(1137,'Anthony',50,6,0),(1138,'Andy',50,12,1),(1139,'Jasper',50,5,0),(1140,'Rosemary',50,15,0),(1141,'Louisa',50,9,0),(1142,'Yasmin',50,2,0),(1143,'Tate',50,15,0),(1144,'Robbie',50,10,1),(1145,'Michele',50,4,0),(1146,'Lanny',50,9,0),(1147,'Lorelei',50,5,0),(1148,'Erin',50,8,1),(1149,'Adam',50,6,0),(1150,'Betty',50,9,1),(1151,'Ab',50,12,0),(1152,'Hope',50,4,0),(1153,'Ed',50,14,1),(1154,'Albina',50,13,1),(1155,'Harry',50,1,1),(1156,'Virginia',50,9,1),(1157,'Heidi',50,2,0),(1158,'Jodie',50,8,0),(1159,'Rose',50,3,1),(1160,'Austen',50,5,0),(1161,'Mabel',50,6,0),(1162,'Gwendolyn',50,2,0),(1163,'Winnifred',50,12,0),(1164,'Whitney',50,6,0),(1165,'Heather',50,4,1),(1166,'Mabel',50,15,0),(1167,'Loretta',50,11,1),(1168,'Winnifred',50,1,0),(1169,'Shania',50,14,1),(1170,'Jacqui',50,5,1),(1171,'Dawn',50,1,0),(1172,'Helene',50,12,1),(1173,'Jana',50,3,1),(1174,'Jerry',50,1,1),(1175,'Justin',50,5,1),(1176,'Rosemary',50,1,0),(1177,'Danielle',50,7,1),(1178,'Addison',50,4,1),(1179,'Ashley',50,14,1),(1180,'Hedworth',50,4,1),(1181,'Alma',50,7,1),(1182,'Lena',50,15,1),(1183,'Rodger',50,6,0),(1184,'Sebastian',50,1,1),(1185,'Thaddeus',50,6,0),(1186,'Medea',50,2,0),(1187,'Timothy',50,15,0),(1188,'Jeffrey',50,13,0),(1189,'Iona',50,14,1),(1190,'Owen',50,5,1),(1191,'Vince',50,15,0),(1192,'Absalom',50,6,0),(1193,'Graham',50,13,0),(1194,'Alma',50,10,1),(1195,'Whitney',50,3,1),(1196,'Liza',50,13,0),(1197,'Brad',50,6,0),(1198,'Harold',50,13,1),(1199,'Raymond',50,3,1),(1200,'Leanne',50,10,1),(1201,'Jess',50,14,1),(1202,'Carlene',50,8,1),(1203,'Sibyl',50,11,1),(1204,'Kurt',50,4,1),(1205,'Jaynie',50,5,1),(1206,'Susanne',50,10,1),(1207,'Stella',50,5,0),(1208,'Tara',50,5,0),(1209,'Philippa',50,15,0),(1210,'Grant',50,6,1),(1211,'Anna',50,6,0),(1212,'Cynthia',50,4,0),(1213,'Deanna',50,7,0),(1214,'Susanna',50,12,0),(1215,'Margaret',50,9,1),(1216,'Kim',50,3,1),(1217,'Francie',50,11,0),(1218,'Bartholomew',50,5,0),(1219,'Leonora',50,14,0),(1220,'John',50,1,0),(1221,'Celestia',50,15,0),(1222,'Dorothy',50,12,0),(1223,'Matthew',50,10,0),(1224,'Selma',50,10,1),(1225,'Mandy',50,1,1),(1226,'Lauretta',50,3,1),(1227,'Ray',50,3,0),(1228,'Julianne',50,13,0),(1229,'Doreen',50,4,1),(1230,'Dobie',50,2,1),(1231,'Joshua',50,10,1),(1232,'Miles',50,13,0),(1233,'Russell',50,1,1),(1234,'Chance',50,2,1),(1235,'Imelda',50,13,1),(1236,'Jenna',50,5,1),(1237,'Waldo',50,4,0),(1238,'Kirsten',50,12,1),(1239,'Thelma',50,11,1),(1240,'Jaime',50,6,1),(1241,'Gertie',50,10,0),(1242,'Lucinda',50,9,0),(1243,'Karina',50,7,1),(1244,'Alison',50,4,0),(1245,'Lila',50,12,1),(1246,'Janee',50,12,1),(1247,'Leonora',50,10,1),(1248,'Kristin',50,2,0),(1249,'Kristi',50,7,1),(1250,'Ellie',50,3,0),(1251,'Patsy',50,2,1),(1252,'Gerard',50,2,1),(1253,'Edna',50,6,1),(1254,'Swaine',50,4,0),(1255,'Vince',50,5,1),(1256,'Alicia',50,8,0),(1257,'Nowell',50,15,0),(1258,'Gwyneth',50,5,1),(1259,'Imelda',50,4,1),(1260,'Andrew',50,12,1),(1261,'Kenny',50,2,0),(1262,'Jay',50,6,0),(1263,'Brenda',50,2,1),(1264,'Rory',50,11,0),(1265,'Maggie',50,9,0),(1266,'Osric',50,11,1),(1267,'Leopold',50,5,1),(1268,'Kenny',50,15,0),(1269,'Corbin',50,10,0),(1270,'Viola',50,11,0),(1271,'Malachi',50,5,0),(1272,'Derrick',50,14,1),(1273,'Nicola',50,3,1),(1274,'Elbert',50,3,0),(1275,'Jaynie',50,1,1),(1276,'Owen',50,14,0),(1277,'Simon',50,12,0),(1278,'Elbert',50,2,0),(1279,'Marcia',50,13,1),(1280,'Alberta',50,8,0),(1281,'Hodierna',50,12,0),(1282,'Florence',50,13,1),(1283,'Shahaf',50,14,1),(1284,'Cadence',50,3,0),(1285,'April',50,9,0),(1286,'Isabella',50,3,1),(1287,'Delbert',50,5,0),(1288,'Austen',50,2,1),(1289,'Patty',50,12,1),(1290,'Bramwell',50,2,0),(1291,'Sarah',50,2,0),(1292,'Joey',50,7,1),(1293,'Derek',50,13,0),(1294,'Chelsea',50,5,1),(1295,'Hank',50,9,0),(1296,'Phillipps',50,6,1),(1297,'Barbara',50,11,0),(1298,'Abby',50,10,0),(1299,'Joelle',50,2,0),(1300,'Erika',50,15,1),(1301,'Mandy',50,7,0),(1302,'Darlene',50,3,0),(1303,'Phillipps',50,9,0),(1304,'Harriet',50,6,0),(1305,'Agnes',50,2,1),(1306,'Jemma',50,7,0),(1307,'Moira',50,2,1),(1308,'Astrid',50,2,0),(1309,'Becki',50,8,1),(1310,'Angie',50,4,0),(1311,'Lester',50,2,1),(1312,'Davina',50,11,1),(1313,'Timothy',50,8,0),(1314,'Katey',50,11,0),(1315,'Peggy',50,4,1),(1316,'Austin',50,13,0),(1317,'Marjorie',50,10,1),(1318,'Faith',50,13,1),(1319,'Blanche',50,11,1),(1320,'Linda',50,14,0),(1321,'Peleg',50,11,0),(1322,'Gwendoline',50,3,0),(1323,'Carol',50,2,1),(1324,'Marie',50,8,1),(1325,'Gwyneth',50,9,1),(1326,'Albina',50,6,0),(1327,'Jayne',50,8,0),(1328,'Lila',50,5,0),(1329,'Carlene',50,15,0),(1330,'Joey',50,5,0),(1331,'Ida',50,2,0),(1332,'Susan',50,14,0),(1333,'Hedworth',50,14,1),(1334,'Cardew',50,12,1),(1335,'Brandy',50,9,0),(1336,'Kimble',50,3,0),(1337,'Jan',50,12,1),(1338,'Tim',50,14,0),(1339,'Chas',50,15,1),(1340,'Tara',50,15,1),(1341,'Rich',50,6,1),(1342,'Gertrude',50,7,0),(1343,'Georgia',50,14,0),(1344,'Peter',50,7,1),(1345,'Minna',50,1,1),(1346,'Patsy',50,2,0),(1347,'Gertie',50,7,0),(1348,'Bernard',50,4,1),(1349,'Eliza',50,9,1),(1350,'Charity',50,6,0),(1351,'Charisse',50,12,0),(1352,'Ethel',50,7,0),(1353,'Simon',50,14,0),(1354,'Addison',50,4,1),(1355,'Mavis',50,5,0),(1356,'Lila',50,6,1),(1357,'Melvin',50,8,0),(1358,'Helena',50,10,0),(1359,'Florence',50,2,1),(1360,'Dana',50,6,0),(1361,'Louis',50,12,1),(1362,'Alanna',50,10,1),(1363,'Laurence',50,10,1),(1364,'Jesse',50,14,1),(1365,'Bobbi',50,6,1),(1366,'Roberta',50,2,0),(1367,'Winston',50,8,0),(1368,'Grayson',50,1,1),(1369,'Luther',50,8,1),(1370,'Claribel',50,1,1),(1371,'Ultan',50,14,0),(1372,'Agnes',50,5,0),(1373,'Brandy',50,2,0),(1374,'Isla',50,4,1),(1375,'Maximilian',50,10,1),(1376,'Gertie',50,10,0),(1377,'Ivy',50,9,1),(1378,'Alistair',50,6,0),(1379,'Henrietta',50,3,1),(1380,'Rodger',50,11,0),(1381,'Eunice',50,12,0),(1382,'Lois',50,10,1),(1383,'Paula',50,15,0),(1384,'Esther',50,7,1),(1385,'Mark',50,4,0),(1386,'Hunter',50,8,0),(1387,'Jimmy',50,4,1),(1388,'Manuel',50,4,1),(1389,'Kathy',50,14,0),(1390,'Holbrook',50,5,0),(1391,'Naila',50,12,1),(1392,'Lorna',50,15,1),(1393,'Swaine',50,8,1),(1394,'Swaine',50,13,1),(1395,'Seth',50,13,0),(1396,'Derek',50,15,1),(1397,'Blanche',50,9,0),(1398,'Clare',50,3,1),(1399,'Gwendoline',50,9,0),(1400,'Wilfred',50,12,0),(1401,'Belinda',50,15,0),(1402,'Judith',50,12,1),(1403,'Millicent',50,10,0),(1404,'Taran',50,6,1),(1405,'Diana',50,1,1),(1406,'Dwight',50,4,1),(1407,'Arthur',50,3,0),(1408,'Myra',50,2,1),(1409,'Cordelia',50,14,0),(1410,'Tate',50,9,0),(1411,'Christina',50,15,0),(1412,'Alaina',50,6,1),(1413,'Ebenezer',50,14,0),(1414,'Hervey',50,14,1),(1415,'Holly',50,12,1),(1416,'Sophia',50,1,0),(1417,'Ultan',50,5,1),(1418,'Charlotte',50,1,0),(1419,'Matthew',50,9,1),(1420,'Marta',50,7,1),(1421,'Buddy',50,13,1),(1422,'Valentine',50,14,0),(1423,'Davina',50,10,0),(1424,'Bridget',50,2,0),(1425,'Bronwen',50,8,0),(1426,'Emily',50,7,1),(1427,'Edith',50,4,1),(1428,'Russell',50,15,0),(1429,'Delia',50,14,0),(1430,'Jana',50,11,1),(1431,'Kenny',50,4,1),(1432,'Ashley',50,1,0),(1433,'Hester',50,3,0),(1434,'脝lfweard',50,14,1),(1435,'Justin',50,9,1),(1436,'Delbert',50,13,1),(1437,'Job',50,9,0),(1438,'Jeffrey',50,9,1),(1439,'Rachel',50,9,0),(1440,'Joey',50,9,0),(1441,'Hugh',50,14,1),(1442,'Randall',50,13,0),(1443,'Dulcie',50,9,0),(1444,'Christine',50,8,1),(1445,'Satyana',50,2,0),(1446,'Blake',50,5,0),(1447,'Amanda',50,3,0),(1448,'Clementine',50,8,1),(1449,'Tracy',50,12,0),(1450,'Berenice',50,11,0),(1451,'Robbie',50,10,1),(1452,'Maurice',50,15,0),(1453,'Jodie',50,6,0),(1454,'Clara',50,3,1),(1455,'Galenka',50,7,1),(1456,'Galton',50,8,0),(1457,'Joanna',50,11,0),(1458,'Cadence',50,8,1),(1459,'June',50,1,0),(1460,'Edith',50,14,1),(1461,'Gwendolyn',50,6,0),(1462,'Faith',50,3,1),(1463,'William',50,14,0),(1464,'Poppy',50,11,0),(1465,'Nadine',50,3,1),(1466,'Jaynie',50,5,0),(1467,'Neil',50,12,0),(1468,'Rob',50,1,0),(1469,'Wayne',50,1,1),(1470,'Claire',50,12,1),(1471,'Thurza',50,1,0),(1472,'Eileen',50,10,0),(1473,'Myra',50,10,0),(1474,'Barbara',50,6,0),(1475,'Arabella',50,14,0),(1476,'Eddie',50,7,0),(1477,'Jeb',50,1,1),(1478,'Alanna',50,1,1),(1479,'Charlie',50,4,0),(1480,'Kurt',50,12,1),(1481,'Kay',50,3,1),(1482,'Janee',50,10,1),(1483,'Ada',50,5,1),(1484,'Colleen',50,10,0),(1485,'Alaina',50,11,1),(1486,'Mildred',50,1,0),(1487,'Clara',50,14,0),(1488,'Lynnette',50,15,1),(1489,'Bubba',50,13,0),(1490,'Rory',50,3,1),(1491,'Herbert',50,8,0),(1492,'Caroline',50,3,0),(1493,'Cherry',50,4,0),(1494,'Joey',50,12,1),(1495,'Jay',50,2,1),(1496,'Jacqueline',50,4,1),(1497,'Nicholas',50,5,1),(1498,'Elbert',50,4,0),(1499,'Angela',50,10,0),(1500,'Davy',50,5,0),(1501,'Nowell',50,9,0),(1502,'Tammy',50,11,1),(1503,'Michelle',50,4,1),(1504,'Geoffrey',50,12,1),(1505,'Charlie',50,14,1),(1506,'Ruth',50,7,0),(1507,'Rhoda',50,14,0),(1508,'Satyana',50,3,0),(1509,'Vera',50,8,0),(1510,'Betsy',50,2,0),(1511,'Christina',50,15,1),(1512,'Jonathan',50,12,0),(1513,'Ella',50,7,0),(1514,'Paulina',50,15,0),(1515,'Astrid',50,14,0),(1516,'Fleur',50,9,1),(1517,'Averil',50,5,1),(1518,'Charlie',50,12,1),(1519,'Paulina',50,12,1),(1520,'Tallulah',50,14,1),(1521,'Edwina',50,14,1),(1522,'Nate',50,8,1),(1523,'Leanne',50,11,0),(1524,'Edith',50,3,1),(1525,'Jan',50,8,1),(1526,'Daphne',50,8,1),(1527,'Ivy',50,2,0),(1528,'Addison',50,5,0),(1529,'Hester',50,14,1),(1530,'Dulcie',50,11,1),(1531,'Noel',50,12,1),(1532,'Vera',50,14,0),(1533,'Joey',50,9,1),(1534,'Robert',50,6,0),(1535,'Kay',50,1,0),(1536,'Heather',50,10,1),(1537,'Joshua',50,4,0),(1538,'Osbert',50,15,0),(1539,'Marilyn',50,1,0),(1540,'Nicolas',50,7,1),(1541,'Jim',50,8,1),(1542,'Karen',50,3,1),(1543,'Nicolas',50,4,1),(1544,'Tiffany',50,10,1),(1545,'Alison',50,5,0),(1546,'Harry',50,12,0),(1547,'Teresa',50,2,1),(1548,'Dana',50,4,1),(1549,'Yasmin',50,2,1),(1550,'Oswald',50,8,0),(1551,'Charlie',50,12,0),(1552,'Kelsey',50,8,1),(1553,'Patrick',50,15,0),(1554,'Adelaide',50,6,1),(1555,'Elektra',50,4,1),(1556,'Whitney',50,8,0),(1557,'Carmelita',50,15,1),(1558,'Charmaine',50,2,1),(1559,'Harold',50,9,1),(1560,'Patsy',50,12,0),(1561,'Ben',50,11,1),(1562,'Jenna',50,14,1),(1563,'Reba',50,7,1),(1564,'Dobie',50,10,0),(1565,'Vera',50,12,1),(1566,'Peggy',50,13,1),(1567,'Charlotte',50,10,1),(1568,'Jane',50,4,0),(1569,'Trisha',50,5,0),(1570,'Charlotte',50,1,0),(1571,'Ellen',50,10,1),(1572,'Claire',50,5,0),(1573,'Gwendoline',50,15,1),(1574,'Gilbert',50,15,1),(1575,'Albert',50,6,0),(1576,'Sandra',50,2,1),(1577,'Sibyl',50,7,1),(1578,'Frederick',50,4,0),(1579,'Rowland',50,10,1),(1580,'Doug',50,5,0),(1581,'Jeffery',50,6,0),(1582,'Kay',50,15,1),(1583,'Tracy',50,2,0),(1584,'Ernest',50,4,0),(1585,'Melissa',50,10,1),(1586,'Leila',50,9,1),(1587,'Lena',50,12,1),(1588,'Christy',50,11,0),(1589,'Mandy',50,7,0),(1590,'Petunia',50,7,1),(1591,'Skyler',50,4,0),(1592,'Eliza',50,14,0),(1593,'Ashley',50,2,0),(1594,'Ashley',50,3,1),(1595,'Holbrook',50,7,0),(1596,'Michael',50,8,0),(1597,'Peleg',50,8,1),(1598,'Karina',50,12,0),(1599,'Dickon',50,8,1),(1600,'Nadine',50,2,0),(1601,'Danielle',50,7,1),(1602,'Amanda',50,14,1),(1603,'Caleb',50,15,1),(1604,'Cathleen',50,11,1),(1605,'Absalom',50,6,0),(1606,'Clay',50,5,0),(1607,'Lenna',50,5,1),(1608,'Frederick',50,10,0),(1609,'Eleanor',50,2,0),(1610,'Christy',50,3,1),(1611,'Tina',50,4,0),(1612,'Salma',50,4,0),(1613,'Christy',50,6,1),(1614,'Avis',50,7,1),(1615,'Rory',50,4,1),(1616,'Davy',50,1,0),(1617,'Leanne',50,12,1),(1618,'Tristan',50,12,0),(1619,'Zack',50,1,1),(1620,'Manuel',50,15,1),(1621,'Rhiannon',50,2,1),(1622,'Moira',50,13,0),(1623,'Nadine',50,9,0),(1624,'Lucinda',50,11,0),(1625,'Addison',50,2,1),(1626,'Drew',50,1,1),(1627,'Berenice',50,2,0),(1628,'Michelle',50,12,0),(1629,'Erika',50,5,0),(1630,'Jerome',50,2,1),(1631,'Jack',50,11,1),(1632,'Drew',50,15,0),(1633,'Georgia',50,4,1),(1634,'Nathan',50,12,0),(1635,'Calvin',50,14,1),(1636,'Ian',50,1,0),(1637,'Gordon',50,1,1),(1638,'Hunter',50,1,1),(1639,'Amy',50,1,1),(1640,'Drew',50,3,1),(1641,'脝lfweard',50,14,1),(1642,'Leonora',50,12,0),(1643,'Leisha',50,12,0),(1644,'Chas',50,11,0),(1645,'Angie',50,10,1),(1646,'Michael',50,15,1),(1647,'Bubby',50,9,0),(1648,'Grayson',50,2,0),(1649,'Loretta',50,7,1),(1650,'Albert',50,12,1),(1651,'Florence',50,13,1),(1652,'Davina',50,11,1),(1653,'Alaina',50,2,1),(1654,'Ethelreda',50,3,1),(1655,'Cindy',50,1,1),(1656,'Mandy',50,12,1),(1657,'Minna',50,1,0),(1658,'Floyd',50,6,0),(1659,'脝lfweard',50,6,0),(1660,'Philippa',50,14,1),(1661,'Ray',50,7,1),(1662,'Randall',50,9,0),(1663,'Kierra',50,3,0),(1664,'Alfred',50,5,0),(1665,'Winnie',50,12,1),(1666,'Reginald',50,12,1),(1667,'Janie',50,11,1),(1668,'Imelda',50,8,0),(1669,'Arda',50,2,1),(1670,'Corrie',50,15,0),(1671,'Abigail',50,2,0),(1672,'Cordelia',50,10,1),(1673,'Hedworth',50,5,0),(1674,'Patrice',50,3,0),(1675,'Jerry',50,5,1),(1676,'Joe',50,7,1),(1677,'Elliot',50,2,0),(1678,'Ultan',50,15,1),(1679,'David',50,9,0),(1680,'Joy',50,8,1),(1681,'Robbie',50,12,0),(1682,'Vivian',50,15,0),(1683,'Vicary',50,12,1),(1684,'Moira',50,4,0),(1685,'Eddie',50,14,0),(1686,'Skyler',50,9,1),(1687,'Carlton',50,8,1),(1688,'Natalie',50,13,1),(1689,'Eleanor',50,15,0),(1690,'Hope',50,2,1),(1691,'Marilyn',50,9,1),(1692,'Waldo',50,9,1),(1693,'Patrick',50,3,0),(1694,'Martin',50,2,1),(1695,'Jack',50,15,0),(1696,'Vincent',50,5,0),(1697,'Sibyl',50,14,1),(1698,'Christabel',50,15,1),(1699,'Archie',50,1,1),(1700,'Absalom',50,13,1),(1701,'Neil',50,10,0),(1702,'Jeff',50,13,1),(1703,'Laurence',50,3,1),(1704,'Wayne',50,5,1),(1705,'Steve',50,4,0),(1706,'Jasper',50,3,1),(1707,'Dawn',50,3,1),(1708,'Mildred',50,6,0),(1709,'Cassandra',50,4,0),(1710,'Joey',50,12,1),(1711,'Georgiana',50,7,0),(1712,'Rachel',50,11,1),(1713,'Wendy',50,13,0),(1714,'Mark',50,5,0),(1715,'Anderson',50,9,1),(1716,'Joshua',50,5,1),(1717,'Karina',50,13,1),(1718,'Alicia',50,2,0),(1719,'Christy',50,12,1),(1720,'Linda',50,9,0),(1721,'Lana',50,3,1),(1722,'Caroline',50,3,1),(1723,'Shania',50,11,0),(1724,'Myron',50,8,1),(1725,'Patrick',50,13,0),(1726,'Isla',50,3,0),(1727,'Cadence',50,11,0),(1728,'Mildred',50,6,0),(1729,'Beatrice',50,11,1),(1730,'May',50,11,0),(1731,'Kay',50,4,0),(1732,'Barnabe',50,12,1),(1733,'Mary',50,10,1),(1734,'Antonia',50,13,1),(1735,'Vera',50,10,0),(1736,'Dirk',50,14,0),(1737,'Toby',50,7,0),(1738,'Lilla',50,7,0),(1739,'Palmer',50,8,0),(1740,'Caroline',50,14,0),(1741,'Gregory',50,4,1),(1742,'Marvin',50,10,0),(1743,'Marcus',50,7,1),(1744,'Jesse',50,6,0),(1745,'Maggie',50,15,1),(1746,'Eric',50,11,1),(1747,'Julianne',50,3,0),(1748,'Ellie',50,3,1),(1749,'Clare',50,3,0),(1750,'Cheryl',50,12,1),(1751,'Raymond',50,4,1),(1752,'Ashley',50,6,1),(1753,'Darlene',50,11,0),(1754,'Francie',50,5,1),(1755,'Giselle',50,14,1),(1756,'Leonard',50,7,0),(1757,'Timmy',50,6,1),(1758,'Edwin',50,1,1),(1759,'Leanne',50,6,0),(1760,'Oswald',50,5,1),(1761,'Tony',50,3,0),(1762,'Colton',50,8,0),(1763,'Lester',50,1,1),(1764,'Sarah',50,5,1),(1765,'Shayne',50,1,0),(1766,'Carmelita',50,6,1),(1767,'Franklin',50,9,1),(1768,'Malachi',50,5,0),(1769,'Amelia',50,12,0),(1770,'Shania',50,1,1),(1771,'Dawn',50,7,0),(1772,'Leonora',50,11,0),(1773,'Harper',50,12,0),(1774,'Chadwick',50,2,0),(1775,'Rhonda',50,14,0),(1776,'Mandy',50,9,1),(1777,'Addison',50,10,1),(1778,'Richard',50,5,1),(1779,'Archibald',50,1,0),(1780,'Bronwyn',50,8,1),(1781,'Erika',50,7,0),(1782,'Delia',50,1,0),(1783,'Joanna',50,11,1),(1784,'Chadwick',50,9,1),(1785,'Drew',50,7,1),(1786,'Eliza',50,8,0),(1787,'Dougie',50,5,1),(1788,'Tyra',50,8,0),(1789,'Earl',50,1,0),(1790,'Myron',50,3,0),(1791,'Rhoda',50,3,1),(1792,'Isabella',50,3,1),(1793,'Lanny',50,8,0),(1794,'Marjorie',50,8,1),(1795,'Kevin',50,2,1),(1796,'Louis',50,15,0),(1797,'Ed',50,4,0),(1798,'Fleur',50,13,0),(1799,'Alvina',50,5,0),(1800,'Laurence',50,3,0),(1801,'Cuthbert',50,11,1),(1802,'Carol',50,11,1),(1803,'Job',50,8,1),(1804,'Ethan',50,3,0),(1805,'Marta',50,15,1),(1806,'Lorraine',50,6,0),(1807,'Gwyneth',50,8,0),(1808,'Lenna',50,2,0),(1809,'Palmer',50,14,0),(1810,'Donald',50,14,1),(1811,'Kirstin',50,5,1),(1812,'Adele',50,1,1),(1813,'Winnie',50,5,0),(1814,'Averil',50,1,0),(1815,'Carlene',50,14,1),(1816,'Clint',50,14,1),(1817,'Teresa',50,7,1),(1818,'Emil',50,11,0),(1819,'Mavis',50,12,0),(1820,'Herbert',50,5,1),(1821,'Aaron',50,9,0),(1822,'Edmund',50,14,1),(1823,'Tate',50,3,0),(1824,'Edna',50,9,1),(1825,'Norman',50,2,1),(1826,'Estelle',50,3,0),(1827,'Doug',50,4,1),(1828,'Johnson',50,15,1),(1829,'Paulina',50,3,1),(1830,'Lillian',50,12,0),(1831,'Addys',50,8,1),(1832,'Shayne',50,4,1),(1833,'Liana',50,3,1),(1834,'Trisha',50,11,0),(1835,'Vicary',50,2,1),(1836,'Edwina',50,13,1),(1837,'Gwyneth',50,4,1),(1838,'Alistair',50,2,0),(1839,'Jeffery',50,7,0),(1840,'Marianne',50,3,0),(1841,'Carlene',50,10,1),(1842,'Bernard',50,8,0),(1843,'Vivian',50,11,1),(1844,'Rory',50,15,1),(1845,'Isla',50,3,0),(1846,'Wilfred',50,9,0),(1847,'Esther',50,9,1),(1848,'Amelia',50,2,1),(1849,'Chas',50,3,1),(1850,'Elbert',50,5,1),(1851,'Chas',50,8,1),(1852,'Arabella',50,2,1),(1853,'Blanche',50,3,0),(1854,'Iris',50,15,1),(1855,'Patty',50,7,1),(1856,'Jimmy',50,4,0),(1857,'Chet',50,5,1),(1858,'Bridget',50,2,0),(1859,'Jeff',50,10,0),(1860,'Kian',50,12,1),(1861,'Nathan',50,12,0),(1862,'Heather',50,6,0),(1863,'Alec',50,15,1),(1864,'Waldo',50,4,0),(1865,'Daphne',50,12,0),(1866,'Harriet',50,12,0),(1867,'Hilda',50,10,1),(1868,'Rhonda',50,9,1),(1869,'Yvette',50,15,1),(1870,'Patrice',50,2,0),(1871,'Nancy',50,2,0),(1872,'Tyra',50,4,1),(1873,'Reginald',50,2,1),(1874,'Nicholas',50,15,1),(1875,'Arnold',50,3,0),(1876,'Skyler',50,2,1),(1877,'Philippa',50,1,0),(1878,'Ashley',50,4,0),(1879,'Jenna',50,9,0),(1880,'Vivian',50,15,0),(1881,'Matt',50,7,1),(1882,'Rodger',50,11,0),(1883,'Lanna',50,2,0),(1884,'Buddy',50,5,1),(1885,'Rita',50,6,0),(1886,'Buddy',50,15,0),(1887,'Isabella',50,2,0),(1888,'Ezekiel',50,4,0),(1889,'Charlie',50,3,0),(1890,'Kenny',50,15,1),(1891,'Doug',50,10,1),(1892,'Rich',50,1,0),(1893,'Delia',50,7,1),(1894,'Lawrence',50,3,0),(1895,'Hunter',50,2,1),(1896,'Lanna',50,1,0),(1897,'Holbrook',50,1,1),(1898,'Tracy',50,2,0),(1899,'Louise',50,5,0),(1900,'Kevin',50,3,0),(1901,'Louis',50,14,1),(1902,'Hope',50,3,1),(1903,'Peleg',50,4,1),(1904,'Otto',50,1,1),(1905,'Wilfred',50,14,1),(1906,'Vera',50,6,1),(1907,'Holbrook',50,7,0),(1908,'Henry',50,10,1),(1909,'Kristen',50,13,0),(1910,'Nancy',50,5,0),(1911,'Jasper',50,4,1),(1912,'Ella',50,7,1),(1913,'Tracy',50,2,1),(1914,'Roger',50,1,1),(1915,'Erin',50,11,0),(1916,'Cleve',50,1,0),(1917,'Ed',50,5,1),(1918,'Edwina',50,8,1),(1919,'Mildred',50,1,0),(1920,'Jeffrey',50,3,0),(1921,'Charisse',50,6,0),(1922,'Mabel',50,8,0),(1923,'Mehitable',50,15,0),(1924,'Clarissa',50,15,0),(1925,'Claribel',50,11,1),(1926,'Laurence',50,13,0),(1927,'Bud',50,10,1),(1928,'Simone',50,12,0),(1929,'Ashley',50,2,0),(1930,'Abigail',50,15,1),(1931,'Lillian',50,11,0),(1932,'Christy',50,5,1),(1933,'Ethelreda',50,5,1),(1934,'Claire',50,12,0),(1935,'Mark',50,10,1),(1936,'Kay',50,1,1),(1937,'Shania',50,7,0),(1938,'Claire',50,6,1),(1939,'Florence',50,2,1),(1940,'Honor',50,2,0),(1941,'Mabel',50,11,1),(1942,'Helene',50,15,1),(1943,'James',50,6,0),(1944,'Douglas',50,1,1),(1945,'Penny',50,12,0),(1946,'Raife',50,5,1),(1947,'Josie',50,9,1),(1948,'Hunter',50,7,1),(1949,'Clint',50,5,1),(1950,'Vicary',50,14,1),(1951,'Ivy',50,9,1),(1952,'Rex',50,9,1),(1953,'Michele',50,7,1),(1954,'Tallulah',50,5,0),(1955,'Persis',50,9,1),(1956,'Myron',50,2,1),(1957,'Victoria',50,10,0),(1958,'Neil',50,7,1),(1959,'Deborah',50,1,0),(1960,'Tallulah',50,8,1),(1961,'Jana',50,6,1),(1962,'Grace',50,9,0),(1963,'Bubby',50,6,0),(1964,'Kristen',50,6,0),(1965,'Belinda',50,10,0),(1966,'Richeldis',50,10,1),(1967,'Leah',50,15,1),(1968,'Vincent',50,2,1),(1969,'Lynnette',50,12,0),(1970,'Booth',50,5,1),(1971,'Kay',50,7,0),(1972,'Archie',50,9,1),(1973,'Chadwick',50,13,0),(1974,'Marianne',50,4,0),(1975,'Lena',50,15,1),(1976,'Colton',50,10,1),(1977,'Edgar',50,8,1),(1978,'Amelia',50,10,0),(1979,'Corrie',50,11,1),(1980,'Manuel',50,7,0),(1981,'Deanne',50,7,1),(1982,'Chelsea',50,14,1),(1983,'Ultan',50,7,1),(1984,'Avis',50,12,1),(1985,'Ella',50,10,0),(1986,'Astrid',50,9,1),(1987,'Colton',50,3,0),(1988,'Kelsey',50,5,1),(1989,'Imelda',50,14,1),(1990,'Gabriel',50,11,1),(1991,'Antonia',50,2,1),(1992,'Kim',50,2,1),(1993,'Doreen',50,14,1),(1994,'Flora',50,7,0),(1995,'Jana',50,6,1),(1996,'Joey',50,2,0),(1997,'Winnie',50,7,0),(1998,'Clarissa',50,14,1),(1999,'Rory',50,3,1),(2000,'Paul',50,5,0),(2001,'Addison',50,11,1),(2002,'George',50,11,0),(2003,'Joshua',50,7,0),(2004,'Joanne',50,11,0),(2005,'Iona',50,4,1),(2006,'Suzanne',50,14,1),(2007,'Mabel',50,7,0),(2008,'Nicola',50,4,0),(2009,'Joseph',50,7,0),(2010,'Elliot',50,2,0),(2011,'Joel',50,1,0),(2012,'Celestia',50,9,1),(2013,'Winston',50,13,0),(2014,'Georgiana',50,1,1),(2015,'Sylvia',50,3,0),(2016,'Celia',50,13,1),(2017,'Simon',50,5,1),(2018,'Kevin',50,5,1),(2019,'Derrick',50,5,1),(2020,'Chelsea',50,15,1),(2021,'Absalom',50,6,0),(2022,'Gwendoline',50,14,1),(2023,'Persis',50,13,0),(2024,'Susan',50,2,1),(2025,'Ultan',50,6,0),(2026,'Sabrina',50,6,0),(2027,'Mariah',50,1,1),(2028,'Delia',50,15,0),(2029,'Lindsay',50,9,0),(2030,'Josie',50,15,1),(2031,'Yasmin',50,4,1);
/*!40000 ALTER TABLE `classroom` ENABLE KEYS */;
UNLOCK TABLES;

--
-- Table structure for table `user`
--

DROP TABLE IF EXISTS `user`;
/*!40101 SET @saved_cs_client     = @@character_set_client */;
/*!40101 SET character_set_client = utf8 */;
CREATE TABLE `user` (
  `id` int(11) NOT NULL AUTO_INCREMENT COMMENT 'id',
  `username` varchar(50) NOT NULL COMMENT 'username',
  `password` varchar(100) NOT NULL COMMENT 'password',
  `avatar` varchar(100) NOT NULL COMMENT 'avatar',
  `nickname` varchar(50) NOT NULL COMMENT 'nickname',
  PRIMARY KEY (`id`)
) ENGINE=InnoDB AUTO_INCREMENT=7 DEFAULT CHARSET=utf8mb4 COMMENT='user';
/*!40101 SET character_set_client = @saved_cs_client */;

--
-- Dumping data for table `user`
--

LOCK TABLES `user` WRITE;
/*!40000 ALTER TABLE `user` DISABLE KEYS */;
INSERT INTO `user` VALUES (1,'admin','202cb962ac59075b964b07152d234b70','https://cdn.jsdelivr.net/gh/MaoLongLong/maolonglong.github.io/.vuepress/public/avatar.png','毛珑珑'),(2,'test','202cb962ac59075b964b07152d234b70','https://dss0.bdstatic.com/70cFuHSh_Q1YnxGkpoWK1HF6hhy/it/u=1973154360,2111956714&fm=26&gp=0.jpg','测试用户1'),(3,'root','202cb962ac59075b964b07152d234b70','https://dss1.bdstatic.com/70cFuXSh_Q1YnxGkpoWK1HF6hhy/it/u=1882351849,4029075716&fm=26&gp=0.jpg','测试用户2'),(4,'abc','202cb962ac59075b964b07152d234b70','https://dss3.bdstatic.com/70cFv8Sh_Q1YnxGkpoWK1HF6hhy/it/u=2065688693,3914254592&fm=26&gp=0.jpg','测试用户3'),(5,'def','202cb962ac59075b964b07152d234b70','https://dss2.bdstatic.com/70cFvnSh_Q1YnxGkpoWK1HF6hhy/it/u=1833258246,3430836162&fm=26&gp=0.jpg','测试用户4'),(6,'ghi','202cb962ac59075b964b07152d234b70','https://dss3.bdstatic.com/70cFv8Sh_Q1YnxGkpoWK1HF6hhy/it/u=1719455770,2791752741&fm=26&gp=0.jpg','测试用户5');
/*!40000 ALTER TABLE `user` ENABLE KEYS */;
UNLOCK TABLES;

--
-- Dumping routines for database 'classroom'
--
/*!40103 SET TIME_ZONE=@OLD_TIME_ZONE */;

/*!40101 SET SQL_MODE=@OLD_SQL_MODE */;
/*!40014 SET FOREIGN_KEY_CHECKS=@OLD_FOREIGN_KEY_CHECKS */;
/*!40014 SET UNIQUE_CHECKS=@OLD_UNIQUE_CHECKS */;
/*!40101 SET CHARACTER_SET_CLIENT=@OLD_CHARACTER_SET_CLIENT */;
/*!40101 SET CHARACTER_SET_RESULTS=@OLD_CHARACTER_SET_RESULTS */;
/*!40101 SET COLLATION_CONNECTION=@OLD_COLLATION_CONNECTION */;
/*!40111 SET SQL_NOTES=@OLD_SQL_NOTES */;

-- Dump completed on 2021-01-05  0:00:00
